then,31,50.03
cost,31,50.09
market,31,50.14
these,31,50.20
party,31,50.26
likely,31,50.32
interest,31,50.38
income,31,50.44
how,30,50.49
razil,30,50.55
does,30,50.60
low,30,50.66
help,30,50.72
little,30,50.77
same,30,50.83
often,30,50.89
term,30,50.94
known,30,51.00
system,29,51.05
work,29,51.11
rich,28,51.16
right,28,51.21
hristians,28,51.27
put,28,51.32
history,28,51.37
hinas,28,51.42
left,28,51.48
i,27,51.53
whose,27,51.58
companies,27,51.63
uropean,27,51.68
rather,27,51.73
few,27,51.78
debt,26,51.83
ussian,26,51.88
law,26,51.93
central,26,51.98
side,26,52.02
get,26,52.07
plans,26,52.12
good,26,52.17
without,26,52.22
epublican,26,52.27
firm,26,52.32
old,25,52.36
power,25,52.41
hen,25,52.46
social,25,52.51
l,25,52.55
pay,25,52.60
part,25,52.65
every,25,52.69
apan,25,52.74
already,25,52.79
minister,25,52.83
him,25,52.88
supply,25,52.93
own,25,52.98
best,24,53.02
take,24,53.07
ussia,24,53.11
plan,24,53.16
set,24,53.20
five,24,53.25
ritain,24,53.29
emerging,24,53.34
better,24,53.38
making,24,53.43
rump,24,53.47
ne,24,53.52
politics,24,53.56
women,24,53.61
future,23,53.65
visa,23,53.69
you,23,53.74
very,23,53.78
during,23,53.82
keep,23,53.87
need,23,53.91
iddle,23,53.95
yet,23,54.00
cuts,23,54.04
according,23,54.08
among,23,54.13
money,23,54.17
leaders,23,54.21
financial,22,54.25
say,22,54.29
hey,22,54.34
last,22,54.38
global,22,54.42
investors,22,54.46
while,22,54.50
ongress,22,54.54
visas,22,54.58
demand,22,54.62
army,22,54.67
across,22,54.71
different,22,54.75
late,22,54.79
ndia,22,54.83
election,22,54.87
found,22,54.91
higher,22,54.96
increased,21,54.99
countrys,21,55.03
means,21,55.07
early,21,55.11
towards,21,55.15
used,21,55.19
go,21,55.23
home,21,55.27
policy,21,55.31
think,21,55.35
children,21,55.39
trade,21,55.43
whether,21,55.47
second,20,55.51
y,20,55.54
policies,20,55.58
states,20,55.62
decade,20,55.66
start,20,55.69
including,20,55.73
nearly,20,55.77
once,20,55.81
cut,20,55.84
use,20,55.88
risk,20,55.92
free,20,55.96
recently,20,55.99
possible,19,56.03
ven,19,56.07
city,19,56.10
week,19,56.14
number,19,56.17
sex,19,56.21
price,19,56.24
nited,19,56.28
relations,19,56.32
lost,19,56.35
estern,19,56.39
day,19,56.42
national,19,56.46
school,19,56.49
top,19,56.53
ones,19,56.57
place,19,56.60
ow,19,56.64
lower,19,56.67
called,19,56.71
want,18,56.74
boost,18,56.78
single,18,56.81
company,18,56.84
budget,18,56.88
problem,18,56.91
bank,18,56.94
security,18,56.98
niversity,18,57.01
change,18,57.05
half,18,57.08
run,18,57.11
rights,18,57.15
third,18,57.18
points,18,57.22
deal,18,57.25
did,18,57.28
group,18,57.32
each,18,57.35
fall,18,57.38
reform,18,57.42
ousseff,18,57.45
tates,18,57.49
biggest,18,57.52
hristmas,18,57.55
hristian,18,57.59
why,18,57.62
music,17,57.65
corporate,17,57.68
ost,17,57.72
decades,17,57.75
former,17,57.78
led,17,57.81
great,17,57.84
next,17,57.88
erman,17,57.91
media,17,57.94
real,17,57.97
university,17,58.00
economies,17,58.04
near,17,58.07
fell,17,58.10
itself,17,58.13
crisis,17,58.16
short,17,58.20
opposition,17,58.23
ndian,16,58.26
came,16,58.29
hope,16,58.32
become,16,58.35
places,16,58.38
travellers,16,58.41
building,16,58.44
mericans,16,58.47
held,16,58.50
ritains,16,58.53
finance,16,58.56
enough,16,58.59
century,16,58.62
later,16,58.65
themselves,16,58.68
times,16,58.71
exchange,16,58.74
expected,16,58.77
groups,16,58.80
became,16,58.83
ush,16,58.86
obel,16,58.89
whaling,15,58.92
things,15,58.95
support,15,58.97
internet,15,59.00
jobs,15,59.03
technology,15,59.06
ay,15,59.09
large,15,59.11
fter,15,59.14
ago,15,59.17
pressure,15,59.20
away,15,59.23
air,15,59.26
fast,15,59.28
strong,15,59.31
banks,15,59.34
reason,15,59.37
based,15,59.40
force,15,59.42
ever,15,59.45
deep,15,59.48
ovember,15,59.51
students,15,59.54
remain,15,59.56
services,15,59.59
elections,15,59.62
days,15,59.65
core,15,59.68
water,15,59.71
seems,15,59.73
health,15,59.76
four,14,59.79
military,14,59.81
doors,14,59.84
ong,14,59.87
anti,14,59.89
parties,14,59.92
ar,14,59.95
elsewhere,14,59.97
terms,14,60.00
southern,14,60.03
ed,14,60.05
probably,14,60.08
control,14,60.10
began,14,60.13
todays,14,60.16
went,14,60.18
human,14,60.21
dollar,14,60.24
members,14,60.26
others,14,60.29
almost,14,60.31
uchanan,14,60.34
raq,14,60.37
longer,14,60.39
today,14,60.42
commodity,14,60.45
population,14,60.47
come,14,60.50
ermany,14,60.52
worlds,14,60.55
until,13,60.58
argue,13,60.60
kraine,13,60.62
small,13,60.65
action,13,60.67
audi,13,60.70
fact,13,60.72
co,13,60.75
onald,13,60.77
fiscal,13,60.80
chance,13,60.82
rule,13,60.84
provide,13,60.87
office,13,60.89
evidence,13,60.92
online,13,60.94
poor,13,60.97
officers,13,60.99
northern,13,61.02
close,13,61.04
politicians,13,61.06
est,13,61.09
border,13,61.11
official,13,61.14
hese,13,61.16
reforms,13,61.19
economics,13,61.21
entral,13,61.23
seen,13,61.26
orea,13,61.28
nstitute,13,61.31
main,13,61.33
ork,13,61.36
especially,13,61.38
show,13,61.41
u,13,61.43
further,13,61.45
majority,13,61.48
businesses,13,61.50
officials,13,61.53
rise,13,61.55
several,13,61.58
share,13,61.60
given,13,61.63
ank,13,61.65
region,13,61.67
looks,13,61.70
sian,13,61.72
candidates,13,61.75
view,13,61.77
largest,13,61.80
whole,13,61.82
below,13,61.85
hough,12,61.87
raised,12,61.89
data,12,61.91
saw,12,61.94
average,12,61.96
wants,12,61.98
reduce,12,62.00
research,12,62.03
ocial,12,62.05
failed,12,62.07
age,12,62.09
face,12,62.12
neighbours,12,62.14
non,12,62.16
comes,12,62.18
speed,12,62.21
your,12,62.23
coalition,12,62.25
species,12,62.27
justice,12,62.30
lobal,12,62.32
remains,12,62.34
cause,12,62.36
tend,12,62.39
parts,12,62.41
orth,12,62.43
men,12,62.45
campaign,12,62.48
give,12,62.50
seem,12,62.52
form,12,62.54
growing,12,62.57
general,12,62.59
film,12,62.61
zero,12,62.63
house,12,62.66
backed,12,62.68
done,12,62.70
chart,12,62.72
particularly,12,62.75
point,12,62.77
private,12,62.79
industries,12,62.81
value,12,62.84
victory,12,62.86
took,12,62.88
ran,12,62.90
despite,12,62.93
report,12,62.95
efforts,12,62.97
reckons,12,62.99
ten,12,63.02
corruption,12,63.04
problems,12,63.06
something,12,63.09
six,12,63.11
sia,12,63.13
thus,12,63.15
leader,12,63.18
prize,11,63.20
example,11,63.22
turn,11,63.24
damage,11,63.26
service,11,63.28
tech,11,63.30
east,11,63.32
allowed,11,63.34
amnesty,11,63.36
open,11,63.38
prime,11,63.40
industry,11,63.42
ts,11,63.44
full,11,63.46
always,11,63.49
really,11,63.51
let,11,63.53
bring,11,63.55
software,11,63.57
together,11,63.59
battle,11,63.61
increase,11,63.63
indicators,11,63.65
look,11,63.67
abroad,11,63.69
soldiers,11,63.71
won,11,63.73
refugees,11,63.75
education,11,63.77
widely,11,63.80
conomic,11,63.82
above,11,63.84
alvador,11,63.86
ore,11,63.88
ussias,11,63.90
potential,11,63.92
paid,11,63.94
arts,11,63.96
arty,11,63.98
eventually,11,64.00
either,11,64.02
important,11,64.04
talks,11,64.06
bill,11,64.08
integration,11,64.11
helped,11,64.13
hailands,11,64.15
capacity,11,64.17
however,11,64.19
faces,11,64.21
betting,11,64.23
calls,11,64.25
earners,11,64.27
programme,11,64.29
fallen,11,64.31
ietnam,11,64.33
engine,11,64.35
suggests,11,64.37
sort,11,64.39
our,11,64.42
agencies,11,64.44
job,11,64.46
acific,11,64.48
perhaps,11,64.50
lead,11,64.52
currency,10,64.54
travel,10,64.56
wing,10,64.57
encourage,10,64.59
falling,10,64.61
vote,10,64.63
going,10,64.65
ational,10,64.67
jet,10,64.69
sometimes,10,64.71
death,10,64.72
fund,10,64.74
rabia,10,64.76
person,10,64.78
line,10,64.80
young,10,64.82
index,10,64.84
makes,10,64.86
presidential,10,64.88
uch,10,64.89
uslims,10,64.91
standard,10,64.93
apanese,10,64.95
ratt,10,64.97
engines,10,64.99
thanks,10,65.01
migrants,10,65.03
managers,10,65.04
care,10,65.06
cannot,10,65.08
worry,10,65.10
rules,10,65.12
family,10,65.14
soon,10,65.16
conditions,10,65.18
success,10,65.19
within,10,65.21
raqi,10,65.23
front,10,65.25
monetary,10,65.27
north,10,65.29
tank,10,65.31
profits,10,65.33
borrowing,10,65.34
lthough,10,65.36
edford,10,65.38
encryption,10,65.40
middle,10,65.42
road,10,65.44
founded,10,65.46
defence,10,65.48
turbofan,10,65.50
find,10,65.51
decision,10,65.53
per,10,65.55
announced,10,65.57
staff,10,65.59
taking,10,65.61
classical,10,65.63
must,10,65.65
independence,10,65.66
discovery,10,65.68
proposed,10,65.70
yria,10,65.72
frica,10,65.74
gives,10,65.76
nternational,10,65.78
status,10,65.80
gearbox,10,65.81
court,10,65.83
return,10,65.85
ngland,10,65.87
question,10,65.89
mountains,10,65.91
ather,10,65.93
larger,10,65.95
heir,10,65.96
highest,10,65.98
regional,9,66.00
brought,9,66.02
therefore,9,66.03
hold,9,66.05
revenues,9,66.07
democratic,9,66.08
easier,9,66.10
needed,9,66.12
result,9,66.14
citizens,9,66.15
offer,9,66.17
role,9,66.19
prediction,9,66.20
working,9,66.22
explorer,9,66.24
course,9,66.25
turned,9,66.27
federal,9,66.29
al,9,66.30
information,9,66.32
economists,9,66.34
insurers,9,66.36
operation,9,66.37
tate,9,66.39
reat,9,66.41
agreement,9,66.42
land,9,66.44
having,9,66.46
try,9,66.47
challenge,9,66.49
process,9,66.51
commodities,9,66.52
move,9,66.54
worth,9,66.56
created,9,66.58
refugee,9,66.59
wo,9,66.61
launched,9,66.63
fight,9,66.64
becoming,9,66.66
revolution,9,66.68
proportion,9,66.69
constitutional,9,66.71
conservative,9,66.73
taken,9,66.74
budgets,9,66.76
mobile,9,66.78
grew,9,66.80
owever,9,66.81
similar,9,66.83
recession,9,66.85
meet,9,66.86
instance,9,66.88
fuel,9,66.90
key,9,66.91
atin,9,66.93
credit,9,66.95
attempt,9,66.96
crew,9,66.98
man,9,67.00
language,9,67.01
carry,9,67.03
eptember,9,67.05
black,9,67.07
peace,9,67.08
violence,9,67.10
ozote,9,67.12
published,9,67.13
numbers,9,67.15
needs,9,67.17
seeking,9,67.18
energy,9,67.20
funding,9,67.22
benefits,9,67.23
raise,9,67.25
gas,9,67.27
goods,9,67.29
giving,9,67.30
account,9,67.32
oviet,9,67.34
chief,9,67.35
applicants,9,67.37
latest,9,67.39
rumps,9,67.40
hose,9,67.42
immigrants,9,67.44
razilian,9,67.45
picture,9,67.47
serious,9,67.49
usiness,9,67.51
panish,9,67.52
constitution,9,67.54
considered,9,67.56
rising,9,67.57
lack,9,67.59
focus,9,67.61
bigger,9,67.62
idea,9,67.64
leading,9,67.66
lay,9,67.67
thiopia,9,67.69
strategy,9,67.71
workers,9,67.72
ethnic,9,67.74
pupils,9,67.76
agency,9,67.78
centre,9,67.79
planning,9,67.81
promise,9,67.83
record,9,67.84
boom,9,67.86
increasing,8,67.88
pensions,8,67.89
strike,8,67.91
schools,8,67.92
disaster,8,67.94
never,8,67.95
life,8,67.97
accounting,8,67.98
current,8,68.00
avid,8,68.01
quarter,8,68.03
uddhist,8,68.04
newspaper,8,68.06
costs,8,68.07
thinks,8,68.09
leadership,8,68.10
agree,8,68.12
case,8,68.13
contrast,8,68.15
hours,8,68.16
rises,8,68.18
self,8,68.19
sea,8,68.21
victims,8,68.22
slamic,8,68.24
fresh,8,68.25
fewer,8,68.27
ideology,8,68.28
impeachment,8,68.30
restrictions,8,68.31
site,8,68.33
referendum,8,68.34
compared,8,68.36
hitney,8,68.37
votes,8,68.39
break,8,68.40
forced,8,68.42
de,8,68.43
mid,8,68.45
true,8,68.46
welcome,8,68.48
en,8,68.49
protests,8,68.51
area,8,68.52
lot,8,68.54
religious,8,68.55
amount,8,68.57
ctober,8,68.58
metres,8,68.60
measures,8,68.61
ruz,8,68.63
cahn,8,68.64
win,8,68.66
cruise,8,68.67
reckoned,8,68.69
surprise,8,68.70
ureower,8,68.72
judges,8,68.73
eibo,8,68.75
seven,8,68.76
claims,8,68.78
authorities,8,68.79
suffered,8,68.81
international,8,68.82
frican,8,68.84
grow,8,68.85
anyone,8,68.87
anuary,8,68.88
forecast,8,68.90
moderate,8,68.91
response,8,68.93
controlled,8,68.94
common,8,68.96
expensive,8,68.97
create,8,68.99
spent,8,69.00
regions,8,69.02
lines,8,69.03
reached,8,69.05
claimed,8,69.06
chool,8,69.08
thought,8,69.09
works,8,69.11
although,8,69.12
campus,8,69.14
percentage,8,69.15
tourists,8,69.17
nstead,8,69.18
quickly,8,69.20
ousseffs,8,69.21
particular,8,69.23
level,8,69.24
offers,8,69.26
trillion,8,69.27
returns,8,69.29
conomist,8,69.30
pro,8,69.32
senior,8,69.33
floods,8,69.35
ways,8,69.36
rance,8,69.38
story,8,69.39
ark,8,69.41
moving,8,69.42
raising,8,69.44
languages,8,69.45
stable,8,69.47
trap,8,69.48
thousands,8,69.50
cross,8,69.51
ince,8,69.53
fighting,8,69.54
epublicans,8,69.56
getting,8,69.57
ruling,8,69.59
effective,7,69.60
responsible,7,69.61
manufacturing,7,69.63
proved,7,69.64
leave,7,69.65
along,7,69.67
nder,7,69.68
rival,7,69.69
polls,7,69.71
ushs,7,69.72
ao,7,69.73
science,7,69.75
sense,7,69.76
ith,7,69.77
ront,7,69.79
gold,7,69.80
barely,7,69.81
weden,7,69.82
demands,7,69.84
results,7,69.85
seemed,7,69.86
sent,7,69.88
lowflation,7,69.89
evy,7,69.90
race,7,69.92
odi,7,69.93
casino,7,69.94
meant,7,69.96
union,7,69.97
partys,7,69.98
order,7,70.00
